event1,event2,ratio
aros,björnfrossa,0.6226292934693686
aros,black_river_run_100m,0.2647870154266289
aros,black_river_run_50m,0.5827975165954599
aros,ecotrail_45,0.9358130441617467
aros,ecotrail_80,0.5003540340923539
aros,fjällmaraton_100,0.3274194711370828
aros,fjällmaraton_45,0.8041288017743827
aros,gax,0.25021743003545305
aros,gotland_511,0.042733283433133734
aros,gotland_ultra,0.9101054059298782
aros,gotrun_enkle,0.5899766833048432
aros,hammarby_alpin,1.0112720680075573
aros,idre_45,0.8960143344449397
aros,jättelångt,0.6492226011451167
aros,kolmården,0.7679025288264167
aros,kullamannen_100k,0.370544862241286
aros,kullamannen_100m,0.22350983167763758
aros,kullamannen_50,0.827011201629328
aros,lejonbragden_100,0.9027765351465807
aros,lejonbragden_50,0.9235557212076034
aros,sandsjöbacka_60,0.6856052455345751
aros,sandsjöbacka_90,0.3550688117852297
aros,silverleden,0.6373987339577484
aros,sätila_85,0.5023232272946019
aros,sörmland_ultra,0.9354654419631632
aros,sörmlands100_100k,0.38681087706633027
aros,sörmlands100_100m,0.19293823764550813
aros,sörmlands100_55,0.8055835414669484
aros,tec_100m,0.24031635587715722
aros,tec_200m,0.16533760090886251
aros,tec_46,1.0413001070628618
aros,tec_50m,0.5412241111704404
aros,trans_scania,0.14259381736189697
aros,uka_pain_50,0.8163799306600379
aros,ultravasan_90,0.47005438120673393
aros,ursvik_45,0.8763414584297093
aros,ursvik_75,0.495700332169832
aros,vxo_100k,0.5076032397056428
aros,österlen_spring_trail,0.8138657344072865
aros,östgöta_ultra_trail,0.7160929310572501
björnfrossa,aros,1.6071582091246541
björnfrossa,black_river_run_50m,0.9692521984749543
björnfrossa,ecotrail_45,1.4263464376031052
björnfrossa,ecotrail_80,0.808908674344201
björnfrossa,fjällmaraton_100,0.4893827467257237
björnfrossa,fjällmaraton_45,1.2404205522319005
björnfrossa,gax,0.3340292773189025
björnfrossa,gotland_ultra,1.4682493434795207
björnfrossa,gotrun_enkle,0.9043263225396527
björnfrossa,göteborg_trail,1.1791453231352185
björnfrossa,hammarby_alpin,1.570182095504282
björnfrossa,idre_45,1.3911359210868337
björnfrossa,jättelångt,0.9568324309562324
björnfrossa,kolmården,1.291486950774608
björnfrossa,kullamannen_100k,0.5444957335881957
björnfrossa,kullamannen_100m,0.30176519285791586
björnfrossa,kullamannen_50,1.3107043468035904
björnfrossa,peters_trail_104,0.5490423007927782
björnfrossa,sandsjöbacka_60,0.9742558366337528
björnfrossa,sandsjöbacka_90,0.5241562759767249
björnfrossa,silverleden,0.899370999656886
björnfrossa,sätila_85,0.7283938112481325
björnfrossa,sörmland_ultra,1.5475245880055297
björnfrossa,sörmlands100_100k,0.6434698215713935
björnfrossa,sörmlands100_100m,0.2948788114414241
björnfrossa,sörmlands100_55,1.221735771310842
björnfrossa,tec_100m,0.3901781126905292
björnfrossa,tec_46,1.8016354788541615
björnfrossa,tec_50m,0.805696334008266
björnfrossa,uka_pain_50,1.2449269105617449
björnfrossa,ultravasan_90,0.7617021703181468
björnfrossa,ursvik_45,1.4551739272139737
björnfrossa,ursvik_75,0.7692331193688782
björnfrossa,österlen_spring_trail,1.2769490357611284
björnfrossa,östgöta_ultra_trail,1.1105084440384054
black_river_run_100m,aros,3.856475466701499
black_river_run_100m,black_river_run_50m,1.8785406559313955
black_river_run_100m,borås_91,1.9650897533067215
black_river_run_100m,ecotrail_45,4.260431223797165
black_river_run_100m,ecotrail_80,2.1486800729574007
black_river_run_100m,fjällmaraton_100,1.302514323705233
black_river_run_100m,fjällmaraton_45,3.3527818010653743
black_river_run_100m,gax,0.9135675055031207
black_river_run_100m,gotland_511,0.19042466312780726
black_river_run_100m,gotrun_enkle,2.2695381175879397
black_river_run_100m,göteborg_trail,3.4979914934225462
black_river_run_100m,hammarby_alpin,4.262908612645077
black_river_run_100m,idre_45,3.5816512253154684
black_river_run_100m,jättelångt,2.6731731091106394
black_river_run_100m,kullamannen_100k,1.508336981650292
black_river_run_100m,kullamannen_100m,0.8718212371008848
black_river_run_100m,kullamannen_50,3.044448089516848
black_river_run_100m,lejonbragden_100,1.9645132694332097
black_river_run_100m,lejonbragden_50,5.60645530666285
black_river_run_100m,sandsjöbacka_60,2.749920206498343
black_river_run_100m,sandsjöbacka_90,1.6092719220162017
black_river_run_100m,silverleden,2.577706037896492
black_river_run_100m,snapphaneracet,2.8941492801470337
black_river_run_100m,sätila_85,1.8347177531993335
black_river_run_100m,sörmland_ultra,3.883464830109173
black_river_run_100m,sörmlands100_100k,1.7639824836067433
black_river_run_100m,sörmlands100_100m,0.8293844032493206
black_river_run_100m,tec_100m,0.9671672590376726
black_river_run_100m,tec_200m,0.40212023083775994
black_river_run_100m,tec_50m,2.172191640028567
black_river_run_100m,trail_genom_skåne,4.346614165114379
black_river_run_100m,trans_scania,0.5428593448105036
black_river_run_100m,uka_pain_50,2.370013121032661
black_river_run_100m,ultravasan_90,2.0974113993385326
black_river_run_100m,ursvik_75,2.0859757176406903
black_river_run_100m,vxo_100k,3.226798347710192
black_river_run_100m,öland_ultra,4.539084294464107
black_river_run_100m,österlen_spring_trail,3.306511968830625
black_river_run_100m,östgöta_ultra_trail,2.960693843086327
black_river_run_50m,aros,1.7270186846018976
black_river_run_50m,björnfrossa,1.0396011510065604
black_river_run_50m,black_river_run_100m,0.6108224809889694
black_river_run_50m,ecotrail_45,2.2381435401704146
black_river_run_50m,ecotrail_80,0.8618225788928173
black_river_run_50m,fjällmaraton_100,0.8861234924245804
black_river_run_50m,fjällmaraton_45,1.4128810579727515
black_river_run_50m,gax,0.4949163763049866
black_river_run_50m,gotland_ultra,1.9500595975487858
black_river_run_50m,gotrun_enkle,1.0813161945875458
black_river_run_50m,hammarby_alpin,1.8508339314793159
black_river_run_50m,idre_45,1.4719572928064983
black_river_run_50m,jättelångt,1.139056547644477
black_river_run_50m,kolmården,1.4150319941256688
black_river_run_50m,kullamannen_100k,0.6620784544226382
black_river_run_50m,kullamannen_100m,0.3702062287818198
black_river_run_50m,kullamannen_50,1.8817991783801062
black_river_run_50m,lejonbragden_100,1.511154559436093
black_river_run_50m,sandsjöbacka_60,1.3726871372198233
black_river_run_50m,sandsjöbacka_90,0.5996697662292517
black_river_run_50m,silverleden,1.1771323943510723
black_river_run_50m,snapphaneracet,2.772574112521698
black_river_run_50m,sätila_85,0.7731119629611192
black_river_run_50m,sörmland_ultra,1.710899743055164
black_river_run_50m,sörmlands100_100m,0.46251389389514114
black_river_run_50m,tec_100m,0.5435149144817989
black_river_run_50m,tec_200m,0.2544651147548147
black_river_run_50m,tec_50m,1.0430390426323066
black_river_run_50m,trans_scania,0.235145606732577
black_river_run_50m,uka_pain_50,1.327278763759266
black_river_run_50m,ultravasan_90,0.8586752870194809
black_river_run_50m,ursvik_45,1.7138090269783353
black_river_run_50m,ursvik_75,0.8924207983653923
black_river_run_50m,vxo_100k,1.2853068174103548
black_river_run_50m,öland_ultra,3.9138847117794486
black_river_run_50m,österlen_spring_trail,1.8282383957398076
black_river_run_50m,östgöta_ultra_trail,1.1851607801792303
borås_50,borås_91,0.48766674778222685
borås_50,ecotrail_80,0.5273275324569174
borås_50,gotrun_enkle,0.6307729336383427
borås_50,göteborg_trail,0.8397390225123779
borås_50,idre_45,1.071297789984612
borås_50,kullamannen_100k,0.3937156247372474
borås_50,kullamannen_100m,0.2079432156315862
borås_50,kullamannen_50,0.9483338298506192
borås_50,sandsjöbacka_60,0.7525311950648194
borås_50,silverleden,0.6921181398950963
borås_50,snapphaneracet,0.8510593664778687
borås_50,sätila_85,0.5594937860319437
borås_50,sörmland_ultra,1.1812455003599713
borås_50,sörmlands100_100k,0.4531999003922057
borås_50,sörmlands100_100m,0.20429421938871095
borås_50,sörmlands100_55,0.9491942148760331
borås_50,trail_genom_skåne,1.1101738241308794
borås_50,uka_pain_50,0.859750883664587
borås_50,ultravasan_90,0.5360611429237216
borås_50,österlen_spring_trail,0.9561817176028632
borås_91,black_river_run_100m,0.5104702555774532
borås_91,borås_50,2.050580656868082
borås_91,ecotrail_45,2.3130552067345707
borås_91,ecotrail_80,1.284028710110503
borås_91,fjällmaraton_100,0.8112718872318576
borås_91,fjällmaraton_45,1.8561243687493811
borås_91,gax,0.4655591282600929
borås_91,göteborg_trail,1.8595521788425586
borås_91,idre_45,2.1251669056921023
borås_91,kullamannen_100k,0.7403652444517238
borås_91,kullamannen_100m,0.4636895734407227
borås_91,kullamannen_50,1.8342941726394515
borås_91,peters_trail_104,0.8694449290798307
borås_91,sandsjöbacka_60,1.4811328049011678
borås_91,sandsjöbacka_90,0.8399267139115555
borås_91,sätila_85,1.055585374990499
borås_91,sörmlands100_100m,0.42751187431494336
borås_91,tec_100m,0.4867262421678759
borås_91,trail_genom_skåne,2.392219900337566
borås_91,trans_scania,0.2638678257286582
borås_91,ultravasan_90,1.1450554235385804
borås_91,ursvik_75,1.2608508264881857
borås_91,österlen_spring_trail,1.8133158766221265
ecotrail_45,aros,1.0703704788520838
ecotrail_45,björnfrossa,0.7066461254737186
ecotrail_45,black_river_run_100m,0.23471802441367354
ecotrail_45,black_river_run_50m,0.48525091594167563
ecotrail_45,borås_91,0.43232863491042167
ecotrail_45,ecotrail_80,0.5257709232440747
ecotrail_45,fjällmaraton_100,0.3215998993931548
ecotrail_45,fjällmaraton_45,0.8448049728017759
ecotrail_45,gax,0.21269476952933655
ecotrail_45,gotland_ultra,0.9763637913022902
ecotrail_45,gotrun_enkle,0.6244916538485401
ecotrail_45,göteborg_trail,0.830386184023685
ecotrail_45,hammarby_alpin,0.9776136932128024
ecotrail_45,idre_45,0.8793792631711773
ecotrail_45,jättelångt,0.6476084281539087
ecotrail_45,kolmården,0.8099798763254158
ecotrail_45,kullamannen_100k,0.35574358312606735
ecotrail_45,kullamannen_100m,0.1763327006197544
ecotrail_45,kullamannen_50,0.8378133642118504
ecotrail_45,lejonbragden_100,0.4761230309874251
ecotrail_45,sandsjöbacka_60,0.7356253024496437
ecotrail_45,sandsjöbacka_90,0.4035448136958711
ecotrail_45,sätila_85,0.46748667017486667
ecotrail_45,sörmland_ultra,1.0019523639893622
ecotrail_45,sörmlands100_100k,0.4546363565190561
ecotrail_45,sörmlands100_100m,0.2047696961633898
ecotrail_45,sörmlands100_55,0.854899661007313
ecotrail_45,tec_100m,0.23738811193766196
ecotrail_45,tec_46,1.118963572756403
ecotrail_45,tec_50m,0.5898197362028714
ecotrail_45,uka_pain_50,0.8493484699603616
ecotrail_45,ultravasan_90,0.5010430195377769
ecotrail_45,ursvik_45,0.9615171320016015
ecotrail_45,ursvik_75,0.5609095979102126
ecotrail_45,vxo_100k,0.8738618925912452
ecotrail_45,österlen_spring_trail,0.7895592976884963
ecotrail_45,östgöta_ultra_trail,0.7079989561773905
ecotrail_80,aros,2.011672086784474
ecotrail_80,björnfrossa,1.2394461486062398
ecotrail_80,black_river_run_100m,0.470035102564089
ecotrail_80,black_river_run_50m,1.1663899534338296
ecotrail_80,borås_50,1.916813204327487
ecotrail_80,borås_91,0.7787987855146482
ecotrail_80,ecotrail_45,1.9247048546190761
ecotrail_80,fjällmaraton_100,0.6323908763371174
ecotrail_80,fjällmaraton_45,1.6350904905134476
ecotrail_80,gax,0.41762252337905476
ecotrail_80,gotland_511,0.08573472443206326
ecotrail_80,gotland_ultra,1.9894429370576125
ecotrail_80,gotrun_enkle,1.1545701544793188
ecotrail_80,göteborg_trail,1.6016705086673124
ecotrail_80,hammarby_alpin,2.044066958072855
ecotrail_80,idre_45,1.7450129401611012
ecotrail_80,jättelångt,1.259761906978306
ecotrail_80,kolmården,1.1872516667789077
ecotrail_80,kullamannen_100k,0.7238029383944165
ecotrail_80,kullamannen_100m,0.39875939672789235
ecotrail_80,kullamannen_50,1.548823464155096
ecotrail_80,lejonbragden_100,1.2866097120296223
ecotrail_80,peters_trail_104,0.7444951626331352
ecotrail_80,peters_trail_52,1.6444571149303575
ecotrail_80,sandsjöbacka_60,1.2787673505791217
ecotrail_80,sandsjöbacka_90,0.6964418024563539
ecotrail_80,silverleden,1.1634910362654827
ecotrail_80,snapphaneracet,1.851152487030335
ecotrail_80,sätila_85,0.8868901740828046
ecotrail_80,sörmland_ultra,1.9068592300651395
ecotrail_80,sörmlands100_100k,0.8454687199647681
ecotrail_80,sörmlands100_100m,0.35786743492641787
ecotrail_80,sörmlands100_55,1.5177865207968206
ecotrail_80,tec_100m,0.4483266163198267
ecotrail_80,tec_200m,0.15532752174182488
ecotrail_80,tec_46,2.1577258344392725
ecotrail_80,tec_50m,1.0629801810297563
ecotrail_80,trans_scania,0.2813694912438731
ecotrail_80,uka_pain_50,1.5375666521663642
ecotrail_80,ultravasan_90,0.9939479961996143
ecotrail_80,ursvik_45,1.8763311522365806
ecotrail_80,ursvik_75,1.0003728166578305
ecotrail_80,vxo_100k,1.4155144286399415
ecotrail_80,österlen_spring_trail,1.541940554810921
ecotrail_80,östgöta_ultra_trail,1.3405653334009187
fjällmaraton_100,aros,3.0581079465609804
fjällmaraton_100,björnfrossa,2.0710224522452947
fjällmaraton_100,black_river_run_100m,0.7736026156558328
fjällmaraton_100,black_river_run_50m,1.2892133788625193
fjällmaraton_100,borås_91,1.2340352611537435
fjällmaraton_100,ecotrail_45,3.1338183713877767
fjällmaraton_100,ecotrail_80,1.6004419329579485
fjällmaraton_100,fjällmaraton_45,2.6423398345326343
fjällmaraton_100,gax,0.6868552589771406
fjällmaraton_100,gotland_511,0.13295036764705884
fjällmaraton_100,gotland_ultra,2.887330727409385
fjällmaraton_100,gotrun_enkle,1.808526527677185
fjällmaraton_100,göteborg_trail,2.4940479799806723
fjällmaraton_100,hammarby_alpin,3.2295849283881077
fjällmaraton_100,idre_45,2.6961378156835187
fjällmaraton_100,jättelångt,2.045382118142049
fjällmaraton_100,kolmården,2.5963011436779113
fjällmaraton_100,kullamannen_100k,1.1002041057748022
fjällmaraton_100,kullamannen_100m,0.6200689566369736
fjällmaraton_100,kullamannen_50,2.6252571655638723
fjällmaraton_100,lejonbragden_100,2.275345185251277
fjällmaraton_100,peters_trail_104,1.0222861330434119
fjällmaraton_100,sandsjöbacka_60,2.013886286911251
fjällmaraton_100,sandsjöbacka_90,1.133389481749604
fjällmaraton_100,silverleden,1.8508613999342216
fjällmaraton_100,snapphaneracet,2.3917349933778214
fjällmaraton_100,sätila_85,1.4204130908625876
fjällmaraton_100,sörmland_ultra,3.081787154798973
fjällmaraton_100,sörmlands100_100k,1.2823057058410248
fjällmaraton_100,sörmlands100_100m,0.6135155316884169
fjällmaraton_100,sörmlands100_55,2.5738298454077237
fjällmaraton_100,tec_100m,0.7948045885799856
fjällmaraton_100,tec_50m,1.6475132651333435
fjällmaraton_100,uka_pain_50,2.4744676866255535
fjällmaraton_100,ultravasan_90,1.5169933615461773
fjällmaraton_100,ursvik_45,3.0693615231309512
fjällmaraton_100,ursvik_75,1.6300370622838831
fjällmaraton_100,vxo_100k,1.933025359339047
fjällmaraton_100,österlen_spring_trail,2.382265732217294
fjällmaraton_100,östgöta_ultra_trail,2.058874775319674
fjällmaraton_45,aros,1.2527833536807935
fjällmaraton_45,björnfrossa,0.811495311430205
fjällmaraton_45,black_river_run_100m,0.29844095859203346
fjällmaraton_45,black_river_run_50m,0.7077736617368436
fjällmaraton_45,borås_91,0.5387570018671646
fjällmaraton_45,ecotrail_45,1.1962526251949273
fjällmaraton_45,ecotrail_80,0.6226239256722652
fjällmaraton_45,fjällmaraton_100,0.38358916392976855
fjällmaraton_45,gax,0.2579068018420709
fjällmaraton_45,gotland_ultra,1.2726308769016803
fjällmaraton_45,gotrun_enkle,0.7134828698001078
fjällmaraton_45,göteborg_trail,0.9912758081356285
fjällmaraton_45,hammarby_alpin,1.2827497145767373
fjällmaraton_45,idre_45,1.1072795046834099
fjällmaraton_45,jättelångt,0.8610270776239982
fjällmaraton_45,kolmården,1.0186392427504352
fjällmaraton_45,kullamannen_100k,0.43229543990838815
fjällmaraton_45,kullamannen_100m,0.24540773906587188
fjällmaraton_45,kullamannen_50,0.9761605055945799
fjällmaraton_45,peters_trail_104,0.442023368644676
fjällmaraton_45,sandsjöbacka_60,0.7522885408856153
fjällmaraton_45,sandsjöbacka_90,0.4286351344647251
fjällmaraton_45,silverleden,0.6828832400252317
fjällmaraton_45,snapphaneracet,1.0842194211675233
fjällmaraton_45,sätila_85,0.5380579928358132
fjällmaraton_45,sörmland_ultra,1.2022129581332204
fjällmaraton_45,sörmlands100_100k,0.5055804913350413
fjällmaraton_45,sörmlands100_100m,0.20743289866921746
fjällmaraton_45,sörmlands100_55,1.0301887365301303
fjällmaraton_45,tec_100m,0.2734589575886252
fjällmaraton_45,tec_46,1.3428987106807806
fjällmaraton_45,tec_50m,0.7057860228819433
fjällmaraton_45,trail_genom_skåne,1.0613811102925748
fjällmaraton_45,uka_pain_50,0.9788342626493751
fjällmaraton_45,ultravasan_90,0.6066026806195121
fjällmaraton_45,ursvik_45,1.1604219237302378
fjällmaraton_45,ursvik_75,0.6443705219554438
fjällmaraton_45,vxo_100k,1.0171092614612234
fjällmaraton_45,öland_ultra,1.2044560822444699
fjällmaraton_45,österlen_spring_trail,0.9578761637450881
fjällmaraton_45,östgöta_ultra_trail,0.8225247735144171
gax,aros,4.056749136658483
gax,björnfrossa,3.0187518013541044
gax,black_river_run_100m,1.1027918377162802
gax,black_river_run_50m,2.2194988246265965
gax,borås_91,2.1479548768321695
gax,ecotrail_45,4.7836735238840085
gax,ecotrail_80,2.421688121225599
gax,fjällmaraton_100,1.4669036197566072
gax,fjällmaraton_45,4.001851122014852
gax,gotland_511,0.21627875323261195
gax,gotland_ultra,4.502281698059074
gax,gotrun_enkle,2.7222399794818317
gax,göteborg_trail,3.5499685732243873
gax,hammarby_alpin,4.40959059893859
gax,idre_45,3.9856239877793187
gax,jättelångt,3.000045657827102
gax,kullamannen_100k,1.61911889461439
gax,kullamannen_100m,0.9524418311993174
gax,kullamannen_50,3.7941397635925704
gax,lejonbragden_100,2.6664485261800706
gax,lejonbragden_50,6.113934015601517
gax,peters_trail_104,1.6406411701124577
gax,sandsjöbacka_60,2.9201884506916533
gax,sandsjöbacka_90,1.6804221213679658
gax,silverleden,2.806784439919462
gax,snapphaneracet,3.8821006773084648
gax,sätila_85,2.0080610667760466
gax,sörmland_ultra,4.454810356524608
gax,sörmlands100_100k,1.973239259702569
gax,sörmlands100_100m,0.9017672272407239
gax,sörmlands100_55,4.871702196757235
gax,tec_100m,1.0535370379343871
gax,tec_200m,0.47104087936914035
gax,tec_50m,2.3342886401428182
gax,trail_genom_skåne,4.453537270564205
gax,trans_scania,0.5730112693607695
gax,uka_pain_50,3.6443851464841504
gax,ultravasan_90,2.38640149709822
gax,ursvik_75,2.3115592938447485
gax,vxo_100k,3.8310550286968965
gax,öland_ultra,5.036591478696742
gax,österlen_spring_trail,3.6616502891310083
gax,östgöta_ultra_trail,3.0439742046730687
gotland_511,aros,23.4009633630127
gotland_511,black_river_run_100m,5.251420606840356
gotland_511,ecotrail_80,11.691731328152718
gotland_511,fjällmaraton_100,7.521603871413757
gotland_511,gax,4.623662680931403
gotland_511,idre_45,21.543339474699003
gotland_511,jättelångt,15.689387822985552
gotland_511,kullamannen_100m,5.014438150350276
gotland_511,kullamannen_50,13.289719626168225
gotland_511,sörmlands100_100k,10.598631566740114
gotland_511,tec_100m,5.105155880854218
gotland_511,tec_50m,14.4242354696196
gotland_511,uka_pain_50,19.649122807017545
gotland_511,ursvik_75,11.799866128247082
gotland_511,vxo_100k,13.349235131615776
gotland_ultra,aros,1.100785801787614
gotland_ultra,björnfrossa,0.6825572599536365
gotland_ultra,black_river_run_50m,0.5152198783542721
gotland_ultra,ecotrail_45,1.0368321396027464
gotland_ultra,ecotrail_80,0.5147251693509088
gotland_ultra,fjällmaraton_100,0.3498662793462525
gotland_ultra,fjällmaraton_45,0.7968439676995939
gotland_ultra,gax,0.22739401558682087
gotland_ultra,gotrun_enkle,0.5897826237318097
gotland_ultra,göteborg_trail,0.7851699713366639
gotland_ultra,hammarby_alpin,1.049028102810724
gotland_ultra,idre_45,0.8466672788559606
gotland_ultra,jättelångt,0.6864163666867767
gotland_ultra,kolmården,0.7727769645122922
gotland_ultra,kullamannen_100k,0.3489184129166606
gotland_ultra,kullamannen_100m,0.20302666951431106
gotland_ultra,kullamannen_50,0.9028293361422125
gotland_ultra,lejonbragden_100,0.7049778796839872
gotland_ultra,sandsjöbacka_60,0.6617008376177671
gotland_ultra,sandsjöbacka_90,0.3478779433378572
gotland_ultra,silverleden,0.616792455816921
gotland_ultra,sörmland_ultra,0.9412186631681878
gotland_ultra,sörmlands100_100k,0.4065579021048089
gotland_ultra,sörmlands100_55,0.8555950213996615
gotland_ultra,tec_100m,0.25845244013928603
gotland_ultra,tec_46,1.115418707721017
gotland_ultra,tec_50m,0.4951075816014624
gotland_ultra,uka_pain_50,0.833556184606728
gotland_ultra,ultravasan_90,0.5319199598527109
gotland_ultra,ursvik_45,0.9395315993949762
gotland_ultra,vxo_100k,0.5430504760353584
gotland_ultra,öland_ultra,1.2222084557925315
gotland_ultra,österlen_spring_trail,0.7773482097255665
gotland_ultra,östgöta_ultra_trail,0.6525957832691
gotrun_enkle,aros,1.7067837873833644
gotrun_enkle,björnfrossa,1.1081581057384544
gotrun_enkle,black_river_run_100m,0.4486389956810471
gotrun_enkle,black_river_run_50m,0.9392213072109723
gotrun_enkle,borås_50,1.585356549836198
gotrun_enkle,ecotrail_45,1.6335887034603611
gotrun_enkle,ecotrail_80,0.8802350517522359
gotrun_enkle,fjällmaraton_100,0.5555838263449148
gotrun_enkle,fjällmaraton_45,1.420744727140228
gotrun_enkle,gax,0.37042998175049446
gotrun_enkle,gotland_ultra,1.7152915505454198
gotrun_enkle,göteborg_trail,1.2660454591942094
gotrun_enkle,hammarby_alpin,1.868414986039076
gotrun_enkle,idre_45,1.4884241860659146
gotrun_enkle,jättelångt,1.1043834797777905
gotrun_enkle,kullamannen_100k,0.594974396026427
gotrun_enkle,kullamannen_100m,0.3469519244869748
gotrun_enkle,kullamannen_50,1.444291479559972
gotrun_enkle,lejonbragden_100,1.2165850929939868
gotrun_enkle,sandsjöbacka_60,1.1144154378520206
gotrun_enkle,sandsjöbacka_90,0.5890815942576221
gotrun_enkle,silverleden,1.0466605573602057
gotrun_enkle,sätila_85,0.808167611019455
gotrun_enkle,sörmland_ultra,1.696497830864787
gotrun_enkle,sörmlands100_100k,0.7128514688132633
gotrun_enkle,sörmlands100_100m,0.3487556866269757
gotrun_enkle,sörmlands100_55,1.4296158956511757
gotrun_enkle,tec_100m,0.4253756803424518
gotrun_enkle,tec_50m,0.8762380537686435
gotrun_enkle,trans_scania,0.22037594351811712
gotrun_enkle,uka_pain_50,1.3782905890909583
gotrun_enkle,ultravasan_90,0.8490827650605363
gotrun_enkle,ursvik_45,1.4923906033654641
gotrun_enkle,ursvik_75,0.81609011641047
gotrun_enkle,vxo_100k,0.9246779859095116
gotrun_enkle,österlen_spring_trail,1.3679331513327686
gotrun_enkle,östgöta_ultra_trail,1.1898131085693129
göteborg_trail,björnfrossa,0.8480718876457987
göteborg_trail,black_river_run_100m,0.28588244720264944
göteborg_trail,borås_50,1.207495689674604
göteborg_trail,borås_91,0.5400066332744616
göteborg_trail,ecotrail_45,1.2090910307110943
göteborg_trail,ecotrail_80,0.6316554010127671
göteborg_trail,fjällmaraton_100,0.4043248615121426
göteborg_trail,fjällmaraton_45,1.014671825404042
göteborg_trail,gax,0.28169263456090654
göteborg_trail,gotland_ultra,1.2863542537700967
göteborg_trail,gotrun_enkle,0.8035850999692775
göteborg_trail,idre_45,1.174528547812254
göteborg_trail,kolmården,1.0153337125943946
göteborg_trail,kullamannen_100k,0.44485438761558943
göteborg_trail,kullamannen_100m,0.25776429670672857
göteborg_trail,kullamannen_50,1.0662784636274325
göteborg_trail,sandsjöbacka_60,0.8406191209509416
göteborg_trail,sandsjöbacka_90,0.47392311322164277
göteborg_trail,silverleden,0.6941523341523341
göteborg_trail,sätila_85,0.5907616654842807
göteborg_trail,sörmland_ultra,1.2269875114224795
göteborg_trail,sörmlands100_100k,0.577273461326756
göteborg_trail,sörmlands100_100m,0.25195165852404217
göteborg_trail,tec_100m,0.289655423529269
göteborg_trail,uka_pain_50,1.1365126075444258
göteborg_trail,ultravasan_90,0.6677806932784831
göteborg_trail,österlen_spring_trail,0.9891579042998481
göteborg_trail,östgöta_ultra_trail,0.8443923947523787
hammarby_alpin,aros,0.9940557280153572
hammarby_alpin,björnfrossa,0.6388298077134789
hammarby_alpin,black_river_run_100m,0.23543438964509653
hammarby_alpin,black_river_run_50m,0.5407581405504012
hammarby_alpin,ecotrail_45,1.0244694437367157
hammarby_alpin,ecotrail_80,0.49835013787913296
hammarby_alpin,fjällmaraton_100,0.3135203898191013
hammarby_alpin,fjällmaraton_45,0.7801809519726036
hammarby_alpin,gax,0.22677842252310337
hammarby_alpin,gotland_ultra,0.9629001758400344
hammarby_alpin,gotrun_enkle,0.5387578403634602
hammarby_alpin,idre_45,0.8110654649854774
hammarby_alpin,jättelångt,0.6030933365036864
hammarby_alpin,kolmården,0.822258990730615
hammarby_alpin,kullamannen_100k,0.35815798781077757
hammarby_alpin,kullamannen_100m,0.20012901155953813
hammarby_alpin,kullamannen_50,0.747239435307273
hammarby_alpin,sandsjöbacka_60,0.5087479801638157
hammarby_alpin,silverleden,0.6472675349400718
hammarby_alpin,sätila_85,0.3857495933585416
hammarby_alpin,sörmland_ultra,0.9357423278703662
hammarby_alpin,sörmlands100_100k,0.43363668347756584
hammarby_alpin,sörmlands100_100m,0.17042609468153863
hammarby_alpin,sörmlands100_55,0.8029480542153855
hammarby_alpin,tec_100m,0.23450547248620587
hammarby_alpin,tec_46,1.1057715733024562
hammarby_alpin,tec_50m,0.5750744047619047
hammarby_alpin,uka_pain_50,0.7722048710201324
hammarby_alpin,ultravasan_90,0.48864398801844083
hammarby_alpin,ursvik_45,0.8926605504555493
hammarby_alpin,ursvik_75,0.494940587746685
hammarby_alpin,vxo_100k,0.5310821720664116
hammarby_alpin,öland_ultra,0.9981415687346269
hammarby_alpin,österlen_spring_trail,0.7213322435635472
hammarby_alpin,östgöta_ultra_trail,0.6571340713407134
idre_45,aros,1.1282387773286235
idre_45,björnfrossa,0.7251015513670377
idre_45,black_river_run_100m,0.2844116693273084
idre_45,black_river_run_50m,0.686288809631588
idre_45,borås_50,0.9472283787711576
idre_45,borås_91,0.47055127638284505
idre_45,ecotrail_45,1.1469928082033627
idre_45,ecotrail_80,0.5791767083653199
idre_45,fjällmaraton_100,0.3738773356762112
idre_45,fjällmaraton_45,0.9070633982517224
idre_45,gax,0.2533637865150236
idre_45,gotland_511,0.04641805887032617
idre_45,gotland_ultra,1.1895699700736084
idre_45,gotrun_enkle,0.6810303114638536
idre_45,göteborg_trail,0.8556677659768145
idre_45,hammarby_alpin,1.2336113237961848
idre_45,jättelångt,0.7064616828221937
idre_45,kolmården,0.8722554442940572
idre_45,kullamannen_100k,0.3987784931094408
idre_45,kullamannen_100m,0.22363955196166707
idre_45,kullamannen_50,0.9236884266013182
idre_45,peters_trail_104,0.396909555754884
idre_45,sandsjöbacka_60,0.7431003633978369
idre_45,sandsjöbacka_90,0.44709479173216005
idre_45,silverleden,0.675241728629928
idre_45,snapphaneracet,0.906046566312774
idre_45,sätila_85,0.5062482940829452
idre_45,sörmland_ultra,1.1174831734399824
idre_45,sörmlands100_100k,0.4944342571984204
idre_45,sörmlands100_100m,0.20960966155113095
idre_45,sörmlands100_55,0.9111351211903163
idre_45,tec_100m,0.2720713337680241
idre_45,tec_46,1.0257537257056522
idre_45,tec_50m,0.6088953130810842
idre_45,trail_genom_skåne,1.1471029100118881
idre_45,trans_scania,0.12205156335710368
idre_45,uka_pain_50,0.9085622160702511
idre_45,ultravasan_90,0.581369791068778
idre_45,ursvik_45,1.068634227702353
idre_45,ursvik_75,0.6424726824039982
idre_45,vxo_100k,0.7723096223627752
idre_45,öland_ultra,1.0660569782472828
idre_45,österlen_spring_trail,0.8910572754875247
idre_45,östgöta_ultra_trail,0.7864526088427397
jättelångt,aros,1.5572283836715064
jättelångt,björnfrossa,1.0488553962277742
jättelångt,black_river_run_100m,0.3766740445758966
jättelångt,black_river_run_50m,0.8830322305304534
jättelångt,ecotrail_45,1.5458883152541414
jättelångt,ecotrail_80,0.7989610152468376
jättelångt,fjällmaraton_100,0.4924065218233016
jättelångt,fjällmaraton_45,1.1877059484879993
jättelångt,gax,0.33489202327770523
jättelångt,gotland_511,0.06463524898194835
jättelångt,gotland_ultra,1.4847704153084738
jättelångt,gotrun_enkle,0.9083714482675725
jättelångt,hammarby_alpin,1.6681228384681475
jättelångt,idre_45,1.432237155007807
jättelångt,kolmården,1.2558929769110247
jättelångt,kullamannen_100k,0.530657799481218
jättelångt,kullamannen_100m,0.32469617361354197
jättelångt,kullamannen_50,1.2430034877857494
jättelångt,peters_trail_104,0.5025280428595346
jättelångt,sandsjöbacka_60,0.9773130383528862
jättelångt,sandsjöbacka_90,0.5171959142528045
jättelångt,silverleden,0.9215833255879717
jättelångt,sörmland_ultra,1.5036994957926137
jättelångt,sörmlands100_100k,0.6176969627574079
jättelångt,sörmlands100_100m,0.2947655677675384
jättelångt,sörmlands100_55,1.2722771409537494
jättelångt,tec_100m,0.3682591740472876
jättelångt,tec_46,1.682618437900128
jättelångt,tec_50m,0.8391708370718065
jättelångt,trans_scania,0.20428214074122836
jättelångt,uka_pain_50,1.124721966242937
jättelångt,ultravasan_90,0.7671610142432441
jättelångt,ursvik_45,1.4289351610179675
jättelångt,ursvik_75,0.8171770190493775
jättelångt,vxo_100k,1.4391733661669202
jättelångt,österlen_spring_trail,1.2137838991374126
jättelångt,östgöta_ultra_trail,1.0540979172301865
kolmården,aros,1.3132026376383807
kolmården,björnfrossa,0.7755046565849042
kolmården,black_river_run_50m,0.7066978019941436
kolmården,ecotrail_45,1.2354344391617318
kolmården,ecotrail_80,0.8422814033296463
kolmården,fjällmaraton_100,0.39992831293869185
kolmården,fjällmaraton_45,1.0253410082249519
kolmården,gotland_ultra,1.3056481262193953
kolmården,göteborg_trail,0.985515000668092
kolmården,hammarby_alpin,1.2187195097140209
kolmården,idre_45,1.1672840648574787
kolmården,jättelångt,0.7962571294540279
kolmården,kullamannen_100k,0.522264689958335
kolmården,kullamannen_100m,0.28223688958986365
kolmården,kullamannen_50,0.9070750530192867
kolmården,peters_trail_104,0.519212152803634
kolmården,peters_trail_52,1.056547722275942
kolmården,silverleden,0.8088443225881838
kolmården,snapphaneracet,0.7834727143869596
kolmården,sörmland_ultra,1.250742657687043
kolmården,sörmlands100_100k,0.4682693164871657
kolmården,sörmlands100_100m,0.2480488537644976
kolmården,sörmlands100_55,1.0804786031903848
kolmården,tec_100m,0.3086522809800075
kolmården,tec_50m,0.6747004357298475
kolmården,uka_pain_50,0.9038448775759564
kolmården,ultravasan_90,0.6100641051342789
kolmården,ursvik_75,0.5774288242313004
kolmården,vxo_100k,0.6411492510842752
kolmården,öland_ultra,1.6856556803878606
kolmården,österlen_spring_trail,0.9169677825141402
kolmården,östgöta_ultra_trail,1.09336174682857
kullamannen_100k,aros,2.721930795806827
kullamannen_100k,björnfrossa,1.8431191902879551
kullamannen_100k,black_river_run_100m,0.6641558304172334
kullamannen_100k,black_river_run_50m,1.5264826621375758
kullamannen_100k,borås_50,2.546492786713102
kullamannen_100k,borås_91,1.3506846890693096
kullamannen_100k,ecotrail_45,2.835746793031308
kullamannen_100k,ecotrail_80,1.4036133326482665
kullamannen_100k,fjällmaraton_100,0.921388637967837
kullamannen_100k,fjällmaraton_45,2.3644723816324507
kullamannen_100k,gax,0.6227174192501544
kullamannen_100k,gotland_ultra,2.9012804078439274
kullamannen_100k,gotrun_enkle,1.7124080889197888
kullamannen_100k,göteborg_trail,2.2647444116788824
kullamannen_100k,hammarby_alpin,2.803885601466178
kullamannen_100k,idre_45,2.5301612943527423
kullamannen_100k,jättelångt,1.8908176266848413
kullamannen_100k,kolmården,1.9573725951084424
kullamannen_100k,kullamannen_100m,0.5738820226219165
kullamannen_100k,kullamannen_50,2.5376701101951964
kullamannen_100k,lejonbragden_100,1.798420792893568
kullamannen_100k,peters_trail_104,0.9966952687734003
kullamannen_100k,peters_trail_52,2.1596638655462184
kullamannen_100k,sandsjöbacka_60,1.8688813991406377
kullamannen_100k,sandsjöbacka_90,1.0094804768513013
kullamannen_100k,silverleden,1.7502149476038393
kullamannen_100k,snapphaneracet,2.160003936439339
kullamannen_100k,sätila_85,1.3311103426764175
kullamannen_100k,sörmland_ultra,2.5556287041589485
kullamannen_100k,sörmlands100_100k,1.1436648232259716
kullamannen_100k,sörmlands100_100m,0.5223310187088184
kullamannen_100k,sörmlands100_55,2.2642030624619967
kullamannen_100k,tec_100m,0.6423529914955618
kullamannen_100k,tec_46,3.0852828320336676
kullamannen_100k,tec_50m,1.591717347911876
kullamannen_100k,trail_genom_skåne,2.7268754448825834
kullamannen_100k,trans_scania,0.370549602488766
kullamannen_100k,uka_pain_50,2.1614431156405
kullamannen_100k,ultravasan_90,1.39986338197396
kullamannen_100k,ursvik_45,2.6016784746223287
kullamannen_100k,ursvik_75,1.491605798504112
kullamannen_100k,vxo_100k,2.2875423348520414
kullamannen_100k,öland_ultra,3.668552036199095
kullamannen_100k,österlen_spring_trail,2.1899091835199105
kullamannen_100k,östgöta_ultra_trail,2.051168394929341
kullamannen_100m,aros,4.648227280439835
kullamannen_100m,björnfrossa,3.350437604868797
kullamannen_100m,black_river_run_100m,1.1553067748246906
kullamannen_100m,black_river_run_50m,2.929914643974999
kullamannen_100m,borås_50,4.817463198670522
kullamannen_100m,borås_91,2.1623741366398894
kullamannen_100m,ecotrail_45,5.671097853576292
kullamannen_100m,ecotrail_80,2.5304365595828284
kullamannen_100m,fjällmaraton_100,1.627629269665981
kullamannen_100m,fjällmaraton_45,4.166990764319274
kullamannen_100m,gax,1.060067739279028
kullamannen_100m,gotland_511,0.20077042997758895
kullamannen_100m,gotland_ultra,4.999415939749989
kullamannen_100m,gotrun_enkle,2.9214904103152475
kullamannen_100m,göteborg_trail,3.924480319180908
kullamannen_100m,hammarby_alpin,5.053542403728887
kullamannen_100m,idre_45,4.544176285175463
kullamannen_100m,jättelångt,3.1248613824665883
kullamannen_100m,kolmården,3.588498284085348
kullamannen_100m,kullamannen_100k,1.763021153985242
kullamannen_100m,kullamannen_50,4.3342478697865845
kullamannen_100m,lejonbragden_100,2.838588950310409
kullamannen_100m,lejonbragden_50,5.351547150674558
kullamannen_100m,peters_trail_104,1.7332836324692638
kullamannen_100m,peters_trail_52,4.007833483491203
kullamannen_100m,sandsjöbacka_60,3.235559255688854
kullamannen_100m,sandsjöbacka_90,1.8184216640718787
kullamannen_100m,silverleden,3.0034433685900326
kullamannen_100m,snapphaneracet,3.782583956782999
kullamannen_100m,sätila_85,2.1355274755496993
kullamannen_100m,sörmland_ultra,4.778053903746007
kullamannen_100m,sörmlands100_100k,1.9958494094217059
kullamannen_100m,sörmlands100_100m,0.9230545501092403
kullamannen_100m,sörmlands100_55,3.816120055448984
kullamannen_100m,tec_100m,1.1281028063937923
kullamannen_100m,tec_200m,0.4547989152276309
kullamannen_100m,tec_50m,2.45162594015293
kullamannen_100m,trail_genom_skåne,4.804594583312731
kullamannen_100m,trans_scania,0.6146552512046233
kullamannen_100m,uka_pain_50,4.232194378992171
kullamannen_100m,ultravasan_90,2.5927120084132964
kullamannen_100m,ursvik_45,4.582823468907136
kullamannen_100m,ursvik_75,2.536952478309171
kullamannen_100m,vxo_100k,3.439212681868598
kullamannen_100m,öland_ultra,5.3203086362624905
kullamannen_100m,österlen_spring_trail,3.8849748341684145
kullamannen_100m,östgöta_ultra_trail,3.212773892083939
kullamannen_50,aros,1.2091734646760044
kullamannen_50,björnfrossa,0.7629485645933014
kullamannen_50,black_river_run_100m,0.3380948036170397
kullamannen_50,black_river_run_50m,0.5887054407537343
kullamannen_50,borås_50,1.054480994480097
kullamannen_50,borås_91,0.5451688256530048
kullamannen_50,ecotrail_45,1.1976416507747454
kullamannen_50,ecotrail_80,0.6571396429001009
kullamannen_50,fjällmaraton_100,0.3868221360619001
kullamannen_50,fjällmaraton_45,1.040654137493275
kullamannen_50,gax,0.2690838684362264
kullamannen_50,gotland_511,0.07524613220815753
kullamannen_50,gotland_ultra,1.116096726713226
kullamannen_50,gotrun_enkle,0.6988704291745544
kullamannen_50,göteborg_trail,0.956713786934839
kullamannen_50,hammarby_alpin,1.3382591345554309
kullamannen_50,idre_45,1.0915055138401835
kullamannen_50,jättelångt,0.8058706538340296
kullamannen_50,kolmården,1.1039338351753873
kullamannen_50,kullamannen_100k,0.39724084705977264
kullamannen_50,kullamannen_100m,0.23838735716112947
kullamannen_50,lejonbragden_100,0.6974061091056938
kullamannen_50,peters_trail_104,0.4307844562934238
kullamannen_50,sandsjöbacka_60,0.838576744222203
kullamannen_50,sandsjöbacka_90,0.46283707298293586
kullamannen_50,silverleden,0.7456761129880077
kullamannen_50,snapphaneracet,0.8943435616613457
kullamannen_50,sätila_85,0.6028599238147795
kullamannen_50,sörmland_ultra,1.1174850215976335
kullamannen_50,sörmlands100_100k,0.5382631330082607
kullamannen_50,sörmlands100_55,0.9190702064085426
kullamannen_50,tec_100m,0.3841432343540094
kullamannen_50,tec_46,1.249028502831643
kullamannen_50,tec_50m,0.6258462356244849
kullamannen_50,trail_genom_skåne,1.2393218271721873
kullamannen_50,trans_scania,0.15957864395062307
kullamannen_50,uka_pain_50,0.9157279609750608
kullamannen_50,ultravasan_90,0.6170777904627586
kullamannen_50,ursvik_45,1.2620542800061216
kullamannen_50,ursvik_75,0.7319223679494306
kullamannen_50,vxo_100k,0.8608520481126775
kullamannen_50,öland_ultra,1.2041407019338162
kullamannen_50,österlen_spring_trail,0.9463273872642372
kullamannen_50,östgöta_ultra_trail,0.79918881775412
lejonbragden_100,aros,1.1076938323808265
lejonbragden_100,black_river_run_100m,0.5090319396460551
lejonbragden_100,black_river_run_50m,0.6660673527017507
lejonbragden_100,ecotrail_45,2.1002974754783725
lejonbragden_100,ecotrail_80,0.7772364771151179
lejonbragden_100,fjällmaraton_100,0.4394937552692979
lejonbragden_100,gax,0.3835795031609904
lejonbragden_100,gotland_ultra,1.4188588810031555
lejonbragden_100,gotrun_enkle,0.8219729189176763
lejonbragden_100,kullamannen_100k,0.5560433931544189
lejonbragden_100,kullamannen_100m,0.3546214086786192
lejonbragden_100,kullamannen_50,1.4725234172623267
lejonbragden_100,sandsjöbacka_60,0.759444645769161
lejonbragden_100,sätila_85,0.5564295315378105
lejonbragden_100,sörmlands100_100m,0.29360360754783066
lejonbragden_100,tec_100m,0.39370504795707656
lejonbragden_100,tec_200m,0.18314344078738953
lejonbragden_100,tec_50m,0.8699259954220688
lejonbragden_100,trail_genom_skåne,1.7264335931895356
lejonbragden_100,trans_scania,0.2048198994983822
lejonbragden_100,ultravasan_90,1.1770126828674838
lejonbragden_100,vxo_100k,0.8461073888836463
lejonbragden_100,österlen_spring_trail,1.4821927563637243
lejonbragden_50,aros,1.0827717018443037
lejonbragden_50,black_river_run_100m,0.17836582034491122
lejonbragden_50,gax,0.16356081001989933
lejonbragden_50,kullamannen_100m,0.19013612599882435
lejonbragden_50,tec_100m,0.19906396508706525
lejonbragden_50,trail_genom_skåne,0.9303760667216974
lejonbragden_50,ultravasan_90,0.47082666726056954
lejonbragden_50,österlen_spring_trail,0.7154839151646205
peters_trail_104,björnfrossa,1.8213532883642496
peters_trail_104,borås_91,1.1510767626705318
peters_trail_104,ecotrail_80,1.3431920718775305
peters_trail_104,fjällmaraton_100,0.9785719082770897
peters_trail_104,fjällmaraton_45,2.2623238293173995
peters_trail_104,gax,0.6095178020745725
peters_trail_104,idre_45,2.5194962641066003
peters_trail_104,jättelångt,1.9899386993603412
peters_trail_104,kolmården,1.92599498027967
peters_trail_104,kullamannen_100k,1.0169128640961291
peters_trail_104,kullamannen_100m,0.5804168502967108
peters_trail_104,kullamannen_50,2.3213465235125885
peters_trail_104,sandsjöbacka_60,1.6577405610131377
peters_trail_104,sandsjöbacka_90,1.0350949539089398
peters_trail_104,silverleden,1.7863871077569087
peters_trail_104,snapphaneracet,2.4528554327160057
peters_trail_104,sätila_85,1.317928833872292
peters_trail_104,sörmland_ultra,2.4845092444681858
peters_trail_104,sörmlands100_55,2.460087669180028
peters_trail_104,tec_50m,1.5591169548756778
peters_trail_104,trail_genom_skåne,2.7917101400188384
peters_trail_104,uka_pain_50,2.0578796939905315
peters_trail_104,ultravasan_90,1.3972755290735237
peters_trail_104,ursvik_75,1.360637236890452
peters_trail_104,vxo_100k,2.301030519223147
peters_trail_104,österlen_spring_trail,2.164496716290256
peters_trail_104,östgöta_ultra_trail,2.1747542433819302
peters_trail_52,ecotrail_80,0.6081034226559018
peters_trail_52,kolmården,0.9610912747225927
peters_trail_52,kullamannen_100k,0.46303501945525294
peters_trail_52,kullamannen_100m,0.24968349952721633
peters_trail_52,sandsjöbacka_60,0.7870124042437258
peters_trail_52,sandsjöbacka_90,0.43473796033994333
peters_trail_52,silverleden,0.7437383878207864
peters_trail_52,sätila_85,0.5790771306965639
peters_trail_52,sörmland_ultra,1.227354223544273
peters_trail_52,sörmlands100_100k,0.518367097876495
peters_trail_52,ultravasan_90,0.6004298958926814
peters_trail_52,öland_ultra,1.4203067456062655
peters_trail_52,österlen_spring_trail,1.0247557683931483
peters_trail_52,östgöta_ultra_trail,0.8962033978993722
sandsjöbacka_60,aros,1.4585652699422615
sandsjöbacka_60,björnfrossa,1.028419208741342
sandsjöbacka_60,black_river_run_100m,0.3708537547200617
sandsjöbacka_60,black_river_run_50m,0.8015048060015323
sandsjöbacka_60,borås_50,1.3560987769641148
sandsjöbacka_60,borås_91,0.6836324776088407
sandsjöbacka_60,ecotrail_45,1.4062890134418606
sandsjöbacka_60,ecotrail_80,0.7949912989696083
sandsjöbacka_60,fjällmaraton_100,0.5024240315379347
sandsjöbacka_60,fjällmaraton_45,1.3468380218510752
sandsjöbacka_60,gax,0.3465313035665855
sandsjöbacka_60,gotland_ultra,1.5120314308834986
sandsjöbacka_60,gotrun_enkle,0.9092881622066403
sandsjöbacka_60,göteborg_trail,1.200459206201938
sandsjöbacka_60,hammarby_alpin,1.9656097694540278
sandsjöbacka_60,idre_45,1.3626068509726927
sandsjöbacka_60,jättelångt,1.0232205220468646
sandsjöbacka_60,kullamannen_100k,0.5393238433674457
sandsjöbacka_60,kullamannen_100m,0.3138866694936841
sandsjöbacka_60,kullamannen_50,1.2165078220549952
sandsjöbacka_60,lejonbragden_100,1.3167516626405416
sandsjöbacka_60,peters_trail_104,0.6032307005800982
sandsjöbacka_60,peters_trail_52,1.2706280035839375
sandsjöbacka_60,sandsjöbacka_90,0.5532901185483807
sandsjöbacka_60,silverleden,0.985969850710952
sandsjöbacka_60,snapphaneracet,1.2087911423965303
sandsjöbacka_60,sätila_85,0.6964929459165107
sandsjöbacka_60,sörmland_ultra,1.6611965734192378
sandsjöbacka_60,sörmlands100_100k,0.6015365078315016
sandsjöbacka_60,sörmlands100_100m,0.3225261483431263
sandsjöbacka_60,sörmlands100_55,1.1710125174850257
sandsjöbacka_60,tec_100m,0.362200743026078
sandsjöbacka_60,tec_200m,0.24115443015850474
sandsjöbacka_60,tec_50m,0.8187773429513943
sandsjöbacka_60,trail_genom_skåne,1.595684295882512
sandsjöbacka_60,trans_scania,0.19656714716254609
sandsjöbacka_60,uka_pain_50,1.115828973387586
sandsjöbacka_60,ultravasan_90,0.8058289517465088
sandsjöbacka_60,ursvik_45,1.3727561556791104
sandsjöbacka_60,ursvik_75,0.852463541906148
sandsjöbacka_60,vxo_100k,1.0168912205397242
sandsjöbacka_60,öland_ultra,1.8789907650286581
sandsjöbacka_60,österlen_spring_trail,1.1633485892399693
sandsjöbacka_60,östgöta_ultra_trail,1.051128626995537
sandsjöbacka_90,aros,2.8163554973250355
sandsjöbacka_90,björnfrossa,1.9078279624460797
sandsjöbacka_90,black_river_run_100m,0.6272639954167462
sandsjöbacka_90,black_river_run_50m,1.6675844878557764
sandsjöbacka_90,borås_91,1.1952015142385526
sandsjöbacka_90,ecotrail_45,2.4780395288480737
sandsjöbacka_90,ecotrail_80,1.4559675792794795
sandsjöbacka_90,fjällmaraton_100,0.8889083572443307
sandsjöbacka_90,fjällmaraton_45,2.4044245604006638
sandsjöbacka_90,gax,0.6025217841309315
sandsjöbacka_90,gotland_ultra,2.878569204138466
sandsjöbacka_90,gotrun_enkle,1.73719699897702
sandsjöbacka_90,göteborg_trail,2.1133826761307777
sandsjöbacka_90,idre_45,2.2443896646186876
sandsjöbacka_90,jättelångt,1.94065610764071
sandsjöbacka_90,kullamannen_100k,0.9997105591684845
sandsjöbacka_90,kullamannen_100m,0.5561486229027601
sandsjöbacka_90,kullamannen_50,2.2308520821645113
sandsjöbacka_90,peters_trail_104,0.9667039791430144
sandsjöbacka_90,peters_trail_52,2.3002362140588093
sandsjöbacka_90,sandsjöbacka_60,1.814608662656569
sandsjöbacka_90,silverleden,1.7152353248694212
sandsjöbacka_90,snapphaneracet,2.3116681923808184
sandsjöbacka_90,sätila_85,1.2334456630007742
sandsjöbacka_90,sörmland_ultra,3.037837371106379
sandsjöbacka_90,sörmlands100_100k,1.1793443119037121
sandsjöbacka_90,sörmlands100_100m,0.5503100229086016
sandsjöbacka_90,tec_100m,0.616216831807565
sandsjöbacka_90,tec_50m,1.8713731665354445
sandsjöbacka_90,trans_scania,0.34157582283187576
sandsjöbacka_90,uka_pain_50,2.238097014472363
sandsjöbacka_90,ultravasan_90,1.512246183757554
sandsjöbacka_90,ursvik_75,1.5588523878933405
sandsjöbacka_90,vxo_100k,1.940596581006822
sandsjöbacka_90,österlen_spring_trail,2.1553792333064754
sandsjöbacka_90,östgöta_ultra_trail,1.9070439944714783
silverleden,aros,1.5725785236874281
silverleden,björnfrossa,1.1147783515583745
silverleden,black_river_run_100m,0.3939911912042284
silverleden,black_river_run_50m,0.8504608678775663
silverleden,borås_50,1.4448400386552058
silverleden,ecotrail_80,0.8646854546574858
silverleden,fjällmaraton_100,0.5418061117172677
silverleden,fjällmaraton_45,1.4875722951759578
silverleden,gax,0.3612039451744361
silverleden,gotland_ultra,1.6269642250799066
silverleden,gotrun_enkle,0.9623106938279549
silverleden,göteborg_trail,1.4406059747982445
silverleden,hammarby_alpin,1.5449562136506452
silverleden,idre_45,1.4889286714775773
silverleden,jättelångt,1.0886090973657987
silverleden,kolmården,1.2412475203908724
silverleden,kullamannen_100k,0.580580615721681
silverleden,kullamannen_100m,0.3355244503552015
silverleden,kullamannen_50,1.3624742112610757
silverleden,peters_trail_104,0.5597890824770103
silverleden,peters_trail_52,1.3454011679941997
silverleden,sandsjöbacka_60,1.0258886053962375
silverleden,sandsjöbacka_90,0.5936353819277274
silverleden,sätila_85,0.8099134675976036
silverleden,sörmland_ultra,1.5364420796256353
silverleden,sörmlands100_100k,0.6663825928740948
silverleden,sörmlands100_100m,0.32384378898790345
silverleden,sörmlands100_55,1.405284560261625
silverleden,tec_100m,0.3842385348306596
silverleden,tec_50m,0.9211096354414126
silverleden,trans_scania,0.23708308189844568
silverleden,uka_pain_50,1.3052606248197591
silverleden,ultravasan_90,0.8155029219404075
silverleden,ursvik_45,1.4534507240282448
silverleden,ursvik_75,0.8251195055863878
silverleden,vxo_100k,0.9617116612523804
silverleden,öland_ultra,1.9586965642627383
silverleden,österlen_spring_trail,1.2886615091818092
silverleden,östgöta_ultra_trail,1.099140798362579
snapphaneracet,black_river_run_100m,0.3455246786541696
snapphaneracet,black_river_run_50m,0.3606756607456329
snapphaneracet,borås_50,1.1750061621888095
snapphaneracet,ecotrail_80,0.5403026627274736
snapphaneracet,fjällmaraton_100,0.4185665193724951
snapphaneracet,fjällmaraton_45,0.9223225303630578
snapphaneracet,gax,0.2575924951779765
snapphaneracet,idre_45,1.1070352702485193
snapphaneracet,kolmården,1.2763686362485074
snapphaneracet,kullamannen_100k,0.464646912924478
snapphaneracet,kullamannen_100m,0.2655929251496438
snapphaneracet,kullamannen_50,1.118146094997993
snapphaneracet,peters_trail_104,0.4076881118479603
snapphaneracet,sandsjöbacka_60,0.8348137602560379
snapphaneracet,sandsjöbacka_90,0.4325880346046058
snapphaneracet,sörmlands100_55,1.0059294288832303
snapphaneracet,tec_100m,0.33160276740065237
snapphaneracet,trail_genom_skåne,1.2056869198547577
snapphaneracet,uka_pain_50,1.066407316035067
snapphaneracet,ultravasan_90,0.57399283654267
snapphaneracet,vxo_100k,0.9971342836752204
snapphaneracet,österlen_spring_trail,1.0064127845266049
sätila_85,aros,1.9907500707435073
sätila_85,björnfrossa,1.3728837128454718
sätila_85,black_river_run_100m,0.557403618009736
sätila_85,black_river_run_50m,1.293473711472594
sätila_85,borås_50,1.851306873453676
sätila_85,borås_91,0.949217617567101
sätila_85,ecotrail_45,2.1418093009175565
sätila_85,ecotrail_80,1.1320531224338006
sätila_85,fjällmaraton_100,0.7049533603970718
sätila_85,fjällmaraton_45,1.8745964652884277
sätila_85,gax,0.5040913524614347
sätila_85,gotrun_enkle,1.2411820989605993
sätila_85,göteborg_trail,1.7026603693501294
sätila_85,hammarby_alpin,2.59235529270029
sätila_85,idre_45,1.9913299060805394
sätila_85,kullamannen_100k,0.7545965261158569
sätila_85,kullamannen_100m,0.478192035462934
sätila_85,kullamannen_50,1.6764276321758653
sätila_85,lejonbragden_100,1.7971727655005816
sätila_85,peters_trail_104,0.7634243979449942
sätila_85,peters_trail_52,1.7268856720297585
sätila_85,sandsjöbacka_60,1.4508649322509566
sätila_85,sandsjöbacka_90,0.817175581281576
sätila_85,silverleden,1.2552732019971247
sätila_85,sörmland_ultra,2.4095999185584853
sätila_85,sörmlands100_100k,0.8114683521113859
sätila_85,sörmlands100_100m,0.451555491900906
sätila_85,sörmlands100_55,1.5809796115563353
sätila_85,tec_100m,0.5187830389858065
sätila_85,tec_200m,0.32914040396316485
sätila_85,tec_50m,1.057507370489962
sätila_85,trail_genom_skåne,2.22733737546644
sätila_85,trans_scania,0.28494053368816225
sätila_85,uka_pain_50,1.755536980504646
sätila_85,ultravasan_90,1.0525759055777668
sätila_85,ursvik_75,1.2918506292552094
sätila_85,vxo_100k,1.0816023187544126
sätila_85,öland_ultra,2.5875375785733805
sätila_85,österlen_spring_trail,1.647712918891976
sätila_85,östgöta_ultra_trail,1.4988495868037968
sörmland_ultra,aros,1.0756124448748279
sörmland_ultra,björnfrossa,0.6501251952428923
sörmland_ultra,black_river_run_100m,0.263197383394486
sörmland_ultra,black_river_run_50m,0.5864137598218006
sörmland_ultra,borås_50,0.8465640717099585
sörmland_ultra,ecotrail_45,1.009041854221252
sörmland_ultra,ecotrail_80,0.5269644023815988
sörmland_ultra,fjällmaraton_100,0.3249070123522029
sörmland_ultra,fjällmaraton_45,0.8392711812944965
sörmland_ultra,gax,0.22929767240131685
sörmland_ultra,gotland_ultra,1.0653704517103302
sörmland_ultra,gotrun_enkle,0.592312552281394
sörmland_ultra,göteborg_trail,0.8150042202472568
sörmland_ultra,hammarby_alpin,1.0747088045018884
sörmland_ultra,idre_45,0.897656332370168
sörmland_ultra,jättelångt,0.669907328850013
sörmland_ultra,kolmården,0.8017278898884888
sörmland_ultra,kullamannen_100k,0.3951415214909327
sörmland_ultra,kullamannen_100m,0.21224459983712912
sörmland_ultra,kullamannen_50,0.9008988675664817
sörmland_ultra,peters_trail_104,0.4052909746735336
sörmland_ultra,peters_trail_52,0.8147607131642101
sörmland_ultra,sandsjöbacka_60,0.6086564430221807
sörmland_ultra,sandsjöbacka_90,0.32921731835224954
sörmland_ultra,silverleden,0.6535257928782813
sörmland_ultra,sätila_85,0.4150066541329559
sörmland_ultra,sörmlands100_100k,0.4131178180946876
sörmland_ultra,sörmlands100_100m,0.1834661505622699
sörmland_ultra,sörmlands100_55,0.8239878991245053
sörmland_ultra,tec_100m,0.23391274170650853
sörmland_ultra,tec_46,1.1718575857908202
sörmland_ultra,tec_50m,0.5561314402445313
sörmland_ultra,trans_scania,0.1458520265593355
sörmland_ultra,uka_pain_50,0.8097262506934926
sörmland_ultra,ultravasan_90,0.5491236105121475
sörmland_ultra,ursvik_45,0.9603657712560987
sörmland_ultra,ursvik_75,0.5505936207276778
sörmland_ultra,vxo_100k,0.7921457791655522
sörmland_ultra,öland_ultra,1.0738453129270293
sörmland_ultra,österlen_spring_trail,0.8146590267684979
sörmland_ultra,östgöta_ultra_trail,0.7223562103449804
sörmlands100_100k,aros,2.6357688723608903
sörmlands100_100k,björnfrossa,1.5569612105706632
sörmlands100_100k,black_river_run_100m,0.5668990533031488
sörmlands100_100k,borås_50,2.2065318177135205
sörmlands100_100k,ecotrail_45,2.1998971268005643
sörmlands100_100k,ecotrail_80,1.1855549813463369
sörmlands100_100k,fjällmaraton_100,0.784167226581286
sörmlands100_100k,fjällmaraton_45,1.997846911358314
sörmlands100_100k,gax,0.5081094544627988
sörmlands100_100k,gotland_511,0.09435180322128851
sörmlands100_100k,gotland_ultra,2.4697311468160557
sörmlands100_100k,gotrun_enkle,1.407123728928654
sörmlands100_100k,göteborg_trail,1.7336915223128868
sörmlands100_100k,hammarby_alpin,2.310390163553845
sörmlands100_100k,idre_45,2.0348459105387646
sörmlands100_100k,jättelångt,1.620210120502213
sörmlands100_100k,kolmården,2.1383934034534793
sörmlands100_100k,kullamannen_100k,0.8762740086994364
sörmlands100_100k,kullamannen_100m,0.5069334344899166
sörmlands100_100k,kullamannen_50,1.8677647045060524
sörmlands100_100k,peters_trail_52,1.9291347851677458
sörmlands100_100k,sandsjöbacka_60,1.6720051022539475
sörmlands100_100k,sandsjöbacka_90,0.8545046948203336
sörmlands100_100k,silverleden,1.5106446187368827
sörmlands100_100k,sätila_85,1.232333950422179
sörmlands100_100k,sörmland_ultra,2.431939412197879
sörmlands100_100k,sörmlands100_100m,0.4709040205906207
sörmlands100_100k,sörmlands100_55,1.8219109514264593
sörmlands100_100k,tec_100m,0.52751656002304
sörmlands100_100k,tec_50m,1.3723493694535265
sörmlands100_100k,trail_genom_skåne,2.4018046117856744
sörmlands100_100k,trans_scania,0.31979588369354434
sörmlands100_100k,uka_pain_50,1.959353854469426
sörmlands100_100k,ultravasan_90,1.1859125061678437
sörmlands100_100k,ursvik_45,2.2718100231743414
sörmlands100_100k,ursvik_75,1.2942952165607342
sörmlands100_100k,öland_ultra,2.6940601365061796
sörmlands100_100k,österlen_spring_trail,1.874201314358298
sörmlands100_100k,östgöta_ultra_trail,1.619315444329913
sörmlands100_100m,aros,5.511928872356463
sörmlands100_100m,björnfrossa,3.4017141178171197
sörmlands100_100m,black_river_run_100m,1.211490240515203
sörmlands100_100m,black_river_run_50m,2.3490344040775417
sörmlands100_100m,borås_50,4.975665949997092
sörmlands100_100m,borås_91,2.339116314844885
sörmlands100_100m,ecotrail_45,4.90673474994467
sörmlands100_100m,ecotrail_80,2.8276122660702834
sörmlands100_100m,fjällmaraton_100,1.6312783729917288
sörmlands100_100m,fjällmaraton_45,4.830587587485881
sörmlands100_100m,gax,1.1130098025257917
sörmlands100_100m,gotrun_enkle,2.890594223661102
sörmlands100_100m,göteborg_trail,3.9690153494448075
sörmlands100_100m,hammarby_alpin,5.878472411522864
sörmlands100_100m,idre_45,4.831101393031155
sörmlands100_100m,jättelångt,3.4020832557428196
sörmlands100_100m,kolmården,4.130776017222526
sörmlands100_100m,kullamannen_100k,1.9155394762183198
sörmlands100_100m,kullamannen_100m,1.0921250621705556
sörmlands100_100m,lejonbragden_100,3.405952700486117
sörmlands100_100m,sandsjöbacka_60,3.160307103106933
sörmlands100_100m,sandsjöbacka_90,1.822292208576438
sörmlands100_100m,silverleden,3.096709407648925
sörmlands100_100m,sätila_85,2.240121254531852
sörmlands100_100m,sörmland_ultra,5.472331808453554
sörmlands100_100m,sörmlands100_100k,2.129854546515539
sörmlands100_100m,tec_100m,1.1747185515301053
sörmlands100_100m,tec_200m,0.5470544134625294
sörmlands100_100m,tec_50m,2.692315249636
sörmlands100_100m,trans_scania,0.6390385990814502
sörmlands100_100m,uka_pain_50,4.155422045588998
sörmlands100_100m,ultravasan_90,2.747800599268544
sörmlands100_100m,ursvik_45,5.1850789784982645
sörmlands100_100m,ursvik_75,2.7851550019758085
sörmlands100_100m,vxo_100k,3.3862994574356695
sörmlands100_100m,öland_ultra,5.6685233851145975
sörmlands100_100m,österlen_spring_trail,4.127318793017568
sörmlands100_100m,östgöta_ultra_trail,3.5663886202095756
sörmlands100_55,aros,1.2452259839480604
sörmlands100_55,björnfrossa,0.8185075885328836
sörmlands100_55,borås_50,1.053525174091381
sörmlands100_55,ecotrail_45,1.178465387227066
sörmlands100_55,ecotrail_80,0.6670779712617239
sörmlands100_55,fjällmaraton_100,0.38930170167365136
sörmlands100_55,fjällmaraton_45,0.9744331458242831
sörmlands100_55,gax,0.2053224519455829
sörmlands100_55,gotland_ultra,1.1691480923772568
sörmlands100_55,gotrun_enkle,0.7006491767409965
sörmlands100_55,hammarby_alpin,1.245440875273077
sörmlands100_55,idre_45,1.1143069346091616
sörmlands100_55,jättelångt,0.7868055676522125
sörmlands100_55,kolmården,0.9453070626554967
sörmlands100_55,kullamannen_100k,0.45222511420346423
sörmlands100_55,kullamannen_100m,0.2640968513511956
sörmlands100_55,kullamannen_50,1.0990823535317045
sörmlands100_55,peters_trail_104,0.4102289576426631
sörmlands100_55,sandsjöbacka_60,0.8539618365034151
sörmlands100_55,silverleden,0.7147146211817116
sörmlands100_55,snapphaneracet,0.9941055220048458
sörmlands100_55,sätila_85,0.6348916851784279
sörmlands100_55,sörmland_ultra,1.2154928714340771
sörmlands100_55,sörmlands100_100k,0.5491153757093555
sörmlands100_55,tec_100m,0.2680312125256773
sörmlands100_55,tec_46,1.4142238208114764
sörmlands100_55,tec_50m,0.7041781235714674
sörmlands100_55,uka_pain_50,0.9758783910929282
sörmlands100_55,ultravasan_90,0.6213528479938514
sörmlands100_55,ursvik_45,1.2083377160688615
sörmlands100_55,ursvik_75,0.6350160839363115
sörmlands100_55,vxo_100k,0.6598530447449633
sörmlands100_55,österlen_spring_trail,0.9184144924961644
sörmlands100_55,östgöta_ultra_trail,0.8330709332182632
tec_100m,aros,4.277920039805688
tec_100m,björnfrossa,2.56293207505761
tec_100m,black_river_run_100m,1.0376824395349225
tec_100m,black_river_run_50m,2.1108512825873524
tec_100m,borås_91,2.0545430128155937
tec_100m,ecotrail_45,4.215304459872612
tec_100m,ecotrail_80,2.25155481599593
tec_100m,fjällmaraton_100,1.2629933033896932
tec_100m,fjällmaraton_45,3.6718936794754398
tec_100m,gax,0.9571635052516472
tec_100m,gotland_511,0.1958804047003312
tec_100m,gotland_ultra,3.8788737629662555
tec_100m,gotrun_enkle,2.3571379509346224
tec_100m,göteborg_trail,3.4523779593547035
tec_100m,hammarby_alpin,4.301077784875783
tec_100m,idre_45,3.7199639339056114
tec_100m,jättelångt,2.7318151714922387
tec_100m,kolmården,3.239891818796484
tec_100m,kullamannen_100k,1.5571012461002516
tec_100m,kullamannen_100m,0.8927840607884788
tec_100m,kullamannen_50,2.603195658727766
tec_100m,lejonbragden_100,2.5668052164243056
tec_100m,lejonbragden_50,5.090880801989146
tec_100m,sandsjöbacka_60,2.7881234052579185
tec_100m,sandsjöbacka_90,1.6395204567530897
tec_100m,silverleden,2.6309204091091574
tec_100m,snapphaneracet,3.015656376569892
tec_100m,sätila_85,1.9647756280863105
tec_100m,sörmland_ultra,4.325508524963571
tec_100m,sörmlands100_100k,1.8956750854538549
tec_100m,sörmlands100_100m,0.855092724316096
tec_100m,sörmlands100_55,3.731679190543617
tec_100m,tec_200m,0.4012293086660175
tec_100m,tec_50m,2.380012059442937
tec_100m,trail_genom_skåne,4.567199085266432
tec_100m,trans_scania,0.5297385856613505
tec_100m,uka_pain_50,3.4997520596146834
tec_100m,ultravasan_90,2.239706472732683
tec_100m,ursvik_45,4.105232275260986
tec_100m,ursvik_75,2.2809359123819375
tec_100m,vxo_100k,3.288055799077425
tec_100m,öland_ultra,4.538295739348371
tec_100m,österlen_spring_trail,3.482284978631831
tec_100m,östgöta_ultra_trail,2.9240244949581293
tec_200m,aros,6.048230980146014
tec_200m,black_river_run_100m,2.488458610454797
tec_200m,black_river_run_50m,3.9298117581403336
tec_200m,ecotrail_80,6.438009109951126
tec_200m,gax,2.1493517110833036
tec_200m,kullamannen_100m,2.2865818277969026
tec_200m,lejonbragden_100,5.460201008022427
tec_200m,sandsjöbacka_60,4.146720420366008
tec_200m,sätila_85,3.0382170889961997
tec_200m,sörmlands100_100m,1.8646486214259854
tec_200m,tec_100m,2.4923403609889276
tec_200m,tec_50m,3.2129369647620383
tec_200m,trans_scania,1.3080785315789218
tec_46,aros,0.9646366003193073
tec_46,björnfrossa,0.5550512363555358
tec_46,ecotrail_45,0.904576780652611
tec_46,ecotrail_80,0.4635416863647925
tec_46,fjällmaraton_45,0.7446578003586372
tec_46,gotland_ultra,0.8965243213852524
tec_46,hammarby_alpin,0.9070641136503439
tec_46,idre_45,0.9748928762720943
tec_46,jättelångt,0.5943118044326072
tec_46,kullamannen_100k,0.32411939340447726
tec_46,kullamannen_50,0.8154086495323692
tec_46,sörmland_ultra,0.8674510883278093
tec_46,sörmlands100_55,0.709782147633073
tec_46,uka_pain_50,0.6748468082978315
tec_46,ultravasan_90,0.41534737708784575
tec_46,ursvik_45,0.7941633234378072
tec_46,ursvik_75,0.4649977680984947
tec_50m,aros,1.8587480316692333
tec_50m,björnfrossa,1.2465532414071716
tec_50m,black_river_run_100m,0.47883083300729234
tec_50m,black_river_run_50m,1.0294478423749196
tec_50m,ecotrail_45,1.7063133173617027
tec_50m,ecotrail_80,0.9464410419428249
tec_50m,fjällmaraton_100,0.6290739691889411
tec_50m,fjällmaraton_45,1.4313916933731905
tec_50m,gax,0.4381115705114549
tec_50m,gotland_511,0.06932776451869531
tec_50m,gotland_ultra,2.0369569158446463
tec_50m,gotrun_enkle,1.1526556108404624
tec_50m,hammarby_alpin,1.7389054211411568
tec_50m,idre_45,1.6686710357237158
tec_50m,jättelångt,1.2092184573871694
tec_50m,kolmården,1.482176983797258
tec_50m,kullamannen_100k,0.6338163082740544
tec_50m,kullamannen_100m,0.41633441252946995
tec_50m,kullamannen_50,1.60693270157477
tec_50m,lejonbragden_100,1.2839661819820773
tec_50m,peters_trail_104,0.6413887020295657
tec_50m,sandsjöbacka_60,1.2316238407765479
tec_50m,sandsjöbacka_90,0.534366965329178
tec_50m,silverleden,1.0906875573621637
tec_50m,sätila_85,0.9456198868256418
tec_50m,sörmland_ultra,1.807545677856638
tec_50m,sörmlands100_100k,0.7286774215506092
tec_50m,sörmlands100_100m,0.3846645388281344
tec_50m,sörmlands100_55,1.444441278254827
tec_50m,tec_100m,0.4301936663344303
tec_50m,tec_200m,0.311241711545394
tec_50m,trans_scania,0.28147196838725613
tec_50m,uka_pain_50,1.5237386787369742
tec_50m,ultravasan_90,0.8991812816772591
tec_50m,ursvik_45,1.7875912804321483
tec_50m,ursvik_75,0.9679099800133483
tec_50m,vxo_100k,1.70143183561976
tec_50m,österlen_spring_trail,1.5626876174962723
tec_50m,östgöta_ultra_trail,1.2528140663083787
trail_genom_skåne,black_river_run_100m,0.23916813169592466
trail_genom_skåne,borås_50,0.9007598434262031
trail_genom_skåne,borås_91,0.4180217712673028
trail_genom_skåne,fjällmaraton_45,0.9603210216566611
trail_genom_skåne,gax,0.23172210476747415
trail_genom_skåne,idre_45,0.8717613661965484
trail_genom_skåne,kullamannen_100k,0.3687833139784173
trail_genom_skåne,kullamannen_100m,0.21074252647245278
trail_genom_skåne,kullamannen_50,0.8170478948944253
trail_genom_skåne,lejonbragden_100,0.5792287661366281
trail_genom_skåne,lejonbragden_50,1.0885004648347316
trail_genom_skåne,peters_trail_104,0.35827571156024757
trail_genom_skåne,sandsjöbacka_60,0.6266903814121566
trail_genom_skåne,snapphaneracet,0.8352747745752841
trail_genom_skåne,sätila_85,0.4499296344284639
trail_genom_skåne,sörmlands100_100k,0.41635360140995314
trail_genom_skåne,tec_100m,0.22306829746170828
trail_genom_skåne,ultravasan_90,0.4788881948782011
trail_genom_skåne,vxo_100k,0.509159823120657
trail_genom_skåne,öland_ultra,1.1528923332410739
trail_genom_skåne,österlen_spring_trail,0.811983276152997
trans_scania,aros,7.0478900319391
trans_scania,black_river_run_100m,1.8913306194600303
trans_scania,black_river_run_50m,4.256486099919511
trans_scania,borås_91,3.7897761776698187
trans_scania,ecotrail_80,3.564834349323696
trans_scania,gax,1.7704456732440372
trans_scania,gotrun_enkle,4.53797628773461
trans_scania,idre_45,8.193258426966292
trans_scania,jättelångt,4.895190526061387
trans_scania,kullamannen_100k,2.6986940298507465
trans_scania,kullamannen_100m,1.6655419014335977
trans_scania,kullamannen_50,6.266502680079301
trans_scania,lejonbragden_100,5.094133151575785
trans_scania,sandsjöbacka_60,5.133350655914237
trans_scania,sandsjöbacka_90,2.932196925648205
trans_scania,silverleden,4.217930659549757
trans_scania,sätila_85,3.524202276175956
trans_scania,sörmland_ultra,6.856264006679264
trans_scania,sörmlands100_100k,3.1269945955848675
trans_scania,sörmlands100_100m,1.5982657782536527
trans_scania,tec_100m,1.9156343209894593
trans_scania,tec_200m,0.8449715329752481
trans_scania,tec_50m,3.552751649585849
trans_scania,ultravasan_90,4.484155436346984
trans_scania,vxo_100k,5.437129168385316
trans_scania,österlen_spring_trail,6.35615375142265
trans_scania,östgöta_ultra_trail,5.731651380494029
uka_pain_50,aros,1.2249198717948717
uka_pain_50,björnfrossa,0.8060543056021107
uka_pain_50,black_river_run_100m,0.421938592291118
uka_pain_50,black_river_run_50m,0.7573326208789992
uka_pain_50,borås_50,1.1654434541626626
uka_pain_50,ecotrail_45,1.1891222907229735
uka_pain_50,ecotrail_80,0.6531382412529798
uka_pain_50,fjällmaraton_100,0.4050854071968422
uka_pain_50,fjällmaraton_45,1.0254178301274615
uka_pain_50,gax,0.2792855584148275
uka_pain_50,gotland_511,0.05089285714285714
uka_pain_50,gotland_ultra,1.2054431209293301
uka_pain_50,gotrun_enkle,0.728061294073646
uka_pain_50,göteborg_trail,0.8924479147963226
uka_pain_50,hammarby_alpin,1.2958769880860945
uka_pain_50,idre_45,1.1070233007365837
uka_pain_50,jättelångt,0.8973867561879862
uka_pain_50,kolmården,1.1088317770537777
uka_pain_50,kullamannen_100k,0.4673523833537842
uka_pain_50,kullamannen_100m,0.2390275385666045
uka_pain_50,kullamannen_50,1.1026890108271945
uka_pain_50,peters_trail_104,0.4913785887347216
uka_pain_50,sandsjöbacka_60,0.9037400092022345
uka_pain_50,sandsjöbacka_90,0.4479856916574545
uka_pain_50,silverleden,0.769919620648059
uka_pain_50,snapphaneracet,0.9463480486087467
uka_pain_50,sätila_85,0.5732998957640545
uka_pain_50,sörmland_ultra,1.2368092193815838
uka_pain_50,sörmlands100_100k,0.513417691564801
uka_pain_50,sörmlands100_100m,0.24193659186894578
uka_pain_50,sörmlands100_55,1.0269127712457498
uka_pain_50,tec_100m,0.2860283828267437
uka_pain_50,tec_46,1.4828424617769715
uka_pain_50,tec_50m,0.6650243292341208
uka_pain_50,ultravasan_90,0.6305475941652005
uka_pain_50,ursvik_45,1.1489837785820995
uka_pain_50,ursvik_75,0.6354427968222708
uka_pain_50,vxo_100k,1.0116924296472454
uka_pain_50,österlen_spring_trail,0.9989986855951731
uka_pain_50,östgöta_ultra_trail,0.8518471854633436
ultravasan_90,aros,2.1334333879321465
ultravasan_90,björnfrossa,1.3177515068376224
ultravasan_90,black_river_run_100m,0.48520614586075433
ultravasan_90,black_river_run_50m,1.1655878315634118
ultravasan_90,borås_50,1.8663460320783567
ultravasan_90,borås_91,0.8798500896228361
ultravasan_90,ecotrail_45,2.0125157261946494
ultravasan_90,ecotrail_80,1.011604175692283
ultravasan_90,fjällmaraton_100,0.6606881372117845
ultravasan_90,fjällmaraton_45,1.6626357510518446
ultravasan_90,gax,0.42672028002635437
ultravasan_90,gotland_ultra,1.9295638621356928
ultravasan_90,gotrun_enkle,1.189939341387601
ultravasan_90,göteborg_trail,1.5039582750711775
ultravasan_90,hammarby_alpin,2.059556878824031
ultravasan_90,idre_45,1.7497926803028525
ultravasan_90,jättelångt,1.316235202247615
ultravasan_90,kolmården,1.6438971088184846
ultravasan_90,kullamannen_100k,0.7230768647403885
ultravasan_90,kullamannen_100m,0.3896694539292159
ultravasan_90,kullamannen_50,1.6355330642615968
ultravasan_90,lejonbragden_100,0.8496085170159435
ultravasan_90,lejonbragden_50,2.1239527846069164
ultravasan_90,peters_trail_104,0.7163580810264416
ultravasan_90,peters_trail_52,1.66547336640069
ultravasan_90,sandsjöbacka_60,1.253438377583427
ultravasan_90,sandsjöbacka_90,0.6653566346993713
ultravasan_90,silverleden,1.2373643491825568
ultravasan_90,snapphaneracet,1.7476899099994097
ultravasan_90,sätila_85,0.952008077798275
ultravasan_90,sörmland_ultra,1.879732004648313
ultravasan_90,sörmlands100_100k,0.848364579227475
ultravasan_90,sörmlands100_100m,0.36760684514977243
ultravasan_90,sörmlands100_55,1.6218961318186913
ultravasan_90,tec_100m,0.4526906790479478
ultravasan_90,tec_46,2.4102958814638846
ultravasan_90,tec_50m,1.1160994912236182
ultravasan_90,trail_genom_skåne,2.0881700795617584
ultravasan_90,trans_scania,0.22300743455375172
ultravasan_90,uka_pain_50,1.5922374933379635
ultravasan_90,ursvik_45,1.843683834212209
ultravasan_90,ursvik_75,0.9632317240508289
ultravasan_90,vxo_100k,1.3229928110403757
ultravasan_90,öland_ultra,2.2687298237919555
ultravasan_90,österlen_spring_trail,1.512069394143211
ultravasan_90,östgöta_ultra_trail,1.3750676188231152
ursvik_45,aros,1.1550335598262438
ursvik_45,björnfrossa,0.6885557847623667
ursvik_45,black_river_run_50m,0.5876189736132522
ursvik_45,ecotrail_45,1.0479133570846124
ursvik_45,ecotrail_80,0.5388059122692579
ursvik_45,fjällmaraton_100,0.3291267983569614
ursvik_45,fjällmaraton_45,0.8690742698918322
ursvik_45,gotland_ultra,1.0749421944096733
ursvik_45,gotrun_enkle,0.6700801011585604
ursvik_45,hammarby_alpin,1.1227563908090883
ursvik_45,idre_45,0.9370847170477203
ursvik_45,jättelångt,0.7048819666835016
ursvik_45,kullamannen_100k,0.38568038122243264
ursvik_45,kullamannen_100m,0.2183065798927313
ursvik_45,kullamannen_50,0.8106175943212669
ursvik_45,sandsjöbacka_60,0.728461493953596
ursvik_45,silverleden,0.6898041398146958
ursvik_45,sörmland_ultra,1.0442936958411018
ursvik_45,sörmlands100_100k,0.44246776379814223
ursvik_45,sörmlands100_100m,0.19547054277097872
ursvik_45,sörmlands100_55,0.8275832051765661
ursvik_45,tec_100m,0.24687443161832037
ursvik_45,tec_46,1.2594192057024625
ursvik_45,tec_50m,0.5617306427709137
ursvik_45,uka_pain_50,0.8741597820078646
ursvik_45,ultravasan_90,0.5510366756198603
ursvik_45,ursvik_75,0.5085905074920515
ursvik_45,österlen_spring_trail,0.8470908948141366
ursvik_75,aros,2.0245683546046247
ursvik_75,björnfrossa,1.304738275734104
ursvik_75,black_river_run_100m,0.48401340416616795
ursvik_75,black_river_run_50m,1.1225734268399399
ursvik_75,borås_91,0.7931152353568054
ursvik_75,ecotrail_45,1.7952348662051
ursvik_75,ecotrail_80,1.0091049825284386
ursvik_75,fjällmaraton_100,0.6179370926590019
ursvik_75,fjällmaraton_45,1.577305129851881
ursvik_75,gax,0.43712693645245915
ursvik_75,gotland_511,0.08474720801470134
ursvik_75,gotrun_enkle,1.227327858400085
ursvik_75,hammarby_alpin,2.0257389139230386
ursvik_75,idre_45,1.5763033960596007
ursvik_75,jättelångt,1.2409791078727594
ursvik_75,kolmården,1.7442495404034384
ursvik_75,kullamannen_100k,0.6740781222541457
ursvik_75,kullamannen_100m,0.39930225513443385
ursvik_75,kullamannen_50,1.395774418838027
ursvik_75,peters_trail_104,0.7349497521362576
ursvik_75,sandsjöbacka_60,1.1840951916871136
ursvik_75,sandsjöbacka_90,0.6448274645732451
ursvik_75,silverleden,1.2178919499215635
ursvik_75,sätila_85,0.7740833013926153
ursvik_75,sörmland_ultra,1.8324464665836688
ursvik_75,sörmlands100_100k,0.7792737283535693
ursvik_75,sörmlands100_100m,0.3614721245637262
ursvik_75,sörmlands100_55,1.5769324824475048
ursvik_75,tec_100m,0.44218081936695014
ursvik_75,tec_46,2.1514341246308044
ursvik_75,tec_50m,1.0348687718890435
ursvik_75,uka_pain_50,1.5843262157601845
ursvik_75,ultravasan_90,1.0477765822826057
ursvik_75,ursvik_45,1.9993561321832427
ursvik_75,vxo_100k,1.7040507026729126
ursvik_75,östgöta_ultra_trail,1.3115092326731839
vxo_100k,aros,1.9700425879470276
vxo_100k,black_river_run_100m,0.3231145055806065
vxo_100k,black_river_run_50m,0.8544063362102503
vxo_100k,ecotrail_45,1.3728959018785292
vxo_100k,ecotrail_80,0.7554317803401845
vxo_100k,fjällmaraton_100,0.5230534730712507
vxo_100k,fjällmaraton_45,0.9831785412742742
vxo_100k,gax,0.28556143052451377
vxo_100k,gotland_511,0.0749106589359297
vxo_100k,gotland_ultra,1.8414494492311049
vxo_100k,gotrun_enkle,1.08299485655606
vxo_100k,hammarby_alpin,1.8829477858559154
vxo_100k,idre_45,1.320283459088746
vxo_100k,jättelångt,0.6948433201368852
vxo_100k,kolmården,1.55969924055726
vxo_100k,kullamannen_100k,0.43973688585998993
vxo_100k,kullamannen_100m,0.307581987504875
vxo_100k,kullamannen_50,1.2033120089720135
vxo_100k,lejonbragden_100,1.1818830719814415
vxo_100k,peters_trail_104,0.4345878907932133
vxo_100k,sandsjöbacka_60,0.9833893535527242
vxo_100k,sandsjöbacka_90,0.522517286737993
vxo_100k,silverleden,1.039812700927177
vxo_100k,snapphaneracet,1.0064011630246006
vxo_100k,sätila_85,0.9245542309410107
vxo_100k,sörmland_ultra,1.3339558805273295
vxo_100k,sörmlands100_100m,0.2953076101418586
vxo_100k,sörmlands100_55,1.520077617106561
vxo_100k,tec_100m,0.31278840795001667
vxo_100k,tec_50m,0.5940292612328044
vxo_100k,trail_genom_skåne,1.9640198511166254
vxo_100k,trans_scania,0.18392058916212461
vxo_100k,uka_pain_50,0.9884427032321254
vxo_100k,ultravasan_90,0.8048428548143636
vxo_100k,ursvik_75,0.586836998706339
vxo_100k,öland_ultra,1.2161774205124525
vxo_100k,österlen_spring_trail,0.9563233019406239
vxo_100k,östgöta_ultra_trail,1.099072395034175
öland_ultra,black_river_run_100m,0.22094056347943503
öland_ultra,black_river_run_50m,0.255500627545401
öland_ultra,fjällmaraton_45,0.8490398877102705
öland_ultra,gax,0.198546974522293
öland_ultra,gotland_ultra,0.8213974438628457
öland_ultra,hammarby_alpin,1.00186189146268
öland_ultra,idre_45,0.9563519363012948
öland_ultra,kolmården,0.5932409635222213
öland_ultra,kullamannen_100k,0.27258711069996916
öland_ultra,kullamannen_100m,0.1887744680435426
öland_ultra,kullamannen_50,0.8507414007377022
öland_ultra,peters_trail_52,0.7040732595923458
öland_ultra,sandsjöbacka_60,0.533240212950107
öland_ultra,silverleden,0.5105436024371668
öland_ultra,sätila_85,0.38646781723314816
öland_ultra,sörmland_ultra,0.9312328209304693
öland_ultra,sörmlands100_100k,0.37118696292238695
öland_ultra,sörmlands100_100m,0.17648810001521356
öland_ultra,tec_100m,0.22034703277040832
öland_ultra,trail_genom_skåne,0.8673836846401306
öland_ultra,ultravasan_90,0.44172750053239934
öland_ultra,vxo_100k,0.8222484508704633
öland_ultra,österlen_spring_trail,0.7053309645046415
österlen_spring_trail,aros,1.2316139396219812
österlen_spring_trail,björnfrossa,0.7831173942559264
österlen_spring_trail,black_river_run_100m,0.30533321926355694
österlen_spring_trail,black_river_run_50m,0.598827826466799
österlen_spring_trail,borås_50,1.0665812525503053
österlen_spring_trail,borås_91,0.551475897218093
österlen_spring_trail,ecotrail_45,1.2726869796838798
österlen_spring_trail,ecotrail_80,0.6532040905752802
österlen_spring_trail,fjällmaraton_100,0.42079404370226736
österlen_spring_trail,fjällmaraton_45,1.0512173226903974
österlen_spring_trail,gax,0.2752120250370351
österlen_spring_trail,gotland_ultra,1.3003519829555295
österlen_spring_trail,gotrun_enkle,0.7395293714405181
österlen_spring_trail,göteborg_trail,1.022303242743695
österlen_spring_trail,hammarby_alpin,1.3863237210356354
österlen_spring_trail,idre_45,1.1269814687209732
österlen_spring_trail,jättelångt,0.8252584610833988
österlen_spring_trail,kolmården,1.0924312882612035
österlen_spring_trail,kullamannen_100k,0.4604515800771863
österlen_spring_trail,kullamannen_100m,0.26040021325335816
österlen_spring_trail,kullamannen_50,1.0609029597237487
österlen_spring_trail,lejonbragden_100,0.6984758087155002
österlen_spring_trail,lejonbragden_50,1.4117229876941542
österlen_spring_trail,peters_trail_104,0.4620317531199088
österlen_spring_trail,peters_trail_52,0.9759586856170701
österlen_spring_trail,sandsjöbacka_60,0.864160811640383
österlen_spring_trail,sandsjöbacka_90,0.4653179400319112
österlen_spring_trail,silverleden,0.7961909009985078
österlen_spring_trail,snapphaneracet,1.009744993625266
österlen_spring_trail,sätila_85,0.6085903349136148
österlen_spring_trail,sörmland_ultra,1.2302412190873286
österlen_spring_trail,sörmlands100_100k,0.5359707160301147
österlen_spring_trail,sörmlands100_100m,0.24657556313386833
österlen_spring_trail,sörmlands100_55,1.0947078359818272
österlen_spring_trail,tec_100m,0.2893685642089897
österlen_spring_trail,tec_50m,0.6435449883135466
österlen_spring_trail,trail_genom_skåne,1.2398161137531785
österlen_spring_trail,trans_scania,0.15891661576418664
österlen_spring_trail,uka_pain_50,1.0043625822174667
österlen_spring_trail,ultravasan_90,0.6748041911028608
österlen_spring_trail,ursvik_45,1.1817518039221815
österlen_spring_trail,vxo_100k,1.0909592015614067
österlen_spring_trail,öland_ultra,1.4186689481890074
österlen_spring_trail,östgöta_ultra_trail,0.8654330867060922
östgöta_ultra_trail,aros,1.3970332061391204
östgöta_ultra_trail,björnfrossa,0.9017983818192772
östgöta_ultra_trail,black_river_run_100m,0.33905348904826743
östgöta_ultra_trail,black_river_run_50m,0.8437673746247081
östgöta_ultra_trail,ecotrail_45,1.414786368866113
östgöta_ultra_trail,ecotrail_80,0.7533370463677922
östgöta_ultra_trail,fjällmaraton_100,0.5054466557274938
östgöta_ultra_trail,fjällmaraton_45,1.2264068979175122
östgöta_ultra_trail,gax,0.32952133911683756
östgöta_ultra_trail,gotland_ultra,1.5323421107482804
östgöta_ultra_trail,gotrun_enkle,0.8411112565990045
östgöta_ultra_trail,göteborg_trail,1.1934815151225866
östgöta_ultra_trail,hammarby_alpin,1.5217594759007955
östgöta_ultra_trail,idre_45,1.278124895248518
östgöta_ultra_trail,jättelångt,0.9486784706184245
östgöta_ultra_trail,kolmården,0.9551555332913952
östgöta_ultra_trail,kullamannen_100k,0.49498546073960836
östgöta_ultra_trail,kullamannen_100m,0.3146835003352949
östgöta_ultra_trail,kullamannen_50,1.253764707549651
östgöta_ultra_trail,peters_trail_104,0.4678308897975022
östgöta_ultra_trail,peters_trail_52,1.1158181332763921
östgöta_ultra_trail,sandsjöbacka_60,0.961942395226448
östgöta_ultra_trail,sandsjöbacka_90,0.529225223880993
östgöta_ultra_trail,silverleden,0.9156544369676151
östgöta_ultra_trail,sätila_85,0.6715279966902049
östgöta_ultra_trail,sörmland_ultra,1.3846879417866866
östgöta_ultra_trail,sörmlands100_100k,0.6186361130086705
östgöta_ultra_trail,sörmlands100_100m,0.2808113981449139
östgöta_ultra_trail,sörmlands100_55,1.2029482726792882
östgöta_ultra_trail,tec_100m,0.34278190578605605
östgöta_ultra_trail,tec_50m,0.8026572272120239
östgöta_ultra_trail,trans_scania,0.17513360472900585
östgöta_ultra_trail,uka_pain_50,1.1793607990391453
östgöta_ultra_trail,ultravasan_90,0.7335589998457145
östgöta_ultra_trail,ursvik_75,0.7627810693624342
östgöta_ultra_trail,vxo_100k,0.909858171780309
östgöta_ultra_trail,österlen_spring_trail,1.1578738587604311
